{"cameraMode":{"drawMode":0,"name":"Shaded","section":"Shading Mode"},"sceneLighting":true,"audioPlay":false,"sceneViewState":{"m_AlwaysRefresh":false,"showFog":true,"showSkybox":true,"showFlares":true,"showImageEffects":true,"showParticleSystems":true,"showVisualEffectGraphs":true,"m_FxEnabled":true},"in2DMode":false,"pivot":{"x":0.4740179777145386,"y":0.2758233845233917,"z":11.601516723632813},"rotation":{"x":0.004463177639991045,"y":0.995476484298706,"z":-0.07210857421159744,"w":0.06160031631588936},"size":3.3604562282562258,"orthographic":false}