{"cameraMode":{"drawMode":0,"name":"Shaded","section":"Shading Mode"},"sceneLighting":true,"audioPlay":false,"sceneViewState":{"m_AlwaysRefresh":false,"showFog":true,"showSkybox":true,"showFlares":true,"showImageEffects":true,"showParticleSystems":true,"showVisualEffectGraphs":true,"m_FxEnabled":true},"in2DMode":false,"pivot":{"x":-2.922255516052246,"y":-10.908406257629395,"z":12.938451766967774},"rotation":{"x":-0.3560146987438202,"y":0.06077108904719353,"z":-0.023207657039165498,"w":-0.9322084188461304},"size":10.449999809265137,"orthographic":false}